{
  "averages": {
    "팝업B": 1119.4117647058824,
    "한식A": 1078.9411764705883,
    "팝업A": 807.0588235294117,
    "한식B": 1044.2941176470588,
    "양식": 1196.8823529411766
  },
  "counts": {
    "팝업B": 17,
    "한식A": 17,
    "팝업A": 17,
    "한식B": 17,
    "양식": 17
  },
  "order": "양식 > 팝업B > 한식A > 한식B > 팝업A"
}